timestamp,x,y,z
2026-09-13 18:45:39.167957,-0.04705810546875,-0.256317138671875,-0.9704437255859375
2026-09-13 18:45:40.190420,-0.0438079833984375,-0.245697021484375,-0.96771240234375
2026-09-13 18:45:41.224876,-0.0342864990234375,-0.24957275390625,-0.982574462890625
2026-09-13 18:45:42.239426,-0.0489501953125,-0.2633056640625,-0.9470977783203125
2026-09-13 18:45:43.269895,-0.1919097900390625,-0.0930328369140625,-1.3831939697265625
2026-09-13 18:45:44.284932,-0.405670166015625,-0.4485931396484375,-0.6678314208984375
2026-09-13 18:45:45.297851,0.1001129150390625,-0.0661773681640625,-0.978790283203125
2026-09-13 18:45:46.325640,-0.247344970703125,-0.438018798828125,-0.5977325439453125
2026-09-13 18:45:47.354655,-0.2420654296875,-0.260528564453125,-1.0093994140625
2026-09-13 18:45:48.364777,0.1567535400390625,0.1443634033203125,-1.1657257080078125
2026-09-13 18:45:49.444752,0.06439208984375,0.030914306640625,-1.14056396484375
2026-09-13 18:45:50.461055,-0.33831787109375,-0.563995361328125,-1.07977294921875
2026-09-13 18:45:51.474834,0.2038421630859375,-0.1139984130859375,-1.415740966796875
2026-09-13 18:45:52.494730,0.0110321044921875,-0.0221710205078125,-1.0198822021484375
2026-09-13 18:45:53.505942,0.0006256103515625,-0.020294189453125,-0.99755859375
2026-09-13 18:45:54.551277,0.0038299560546875,0.0145263671875,-0.99017333984375
2026-09-13 18:45:55.565811,0.005645751953125,0.0033111572265625,-0.99896240234375
2026-09-13 18:45:56.575217,0.012664794921875,-0.0225372314453125,-0.99853515625
2026-09-13 18:45:57.610295,-0.0030364990234375,-0.0215301513671875,-0.9899139404296875
2026-09-13 18:45:58.636120,-0.00091552734375,-0.02288818359375,-0.9981689453125
2026-09-13 18:45:59.669732,-0.0043487548828125,-0.01885986328125,-0.9978790283203125
2026-09-13 18:46:00.679534,-0.0074310302734375,-0.0188140869140625,-0.9994964599609375
2026-09-13 18:46:01.715173,0.0001678466796875,-0.045928955078125,-0.9962005615234375
2026-09-13 18:46:02.774618,-0.0102386474609375,-0.0197906494140625,-0.9965362548828125
2026-09-13 18:46:03.791239,-0.0071868896484375,-0.0211181640625,-0.99847412109375
2026-09-13 18:46:04.827590,-0.0062408447265625,-0.020477294921875,-0.9991912841796875
2026-09-13 18:46:05.861554,-0.0062255859375,-0.019775390625,-0.9985198974609375
2026-09-13 18:46:06.890084,-0.0057373046875,-0.0194244384765625,-0.99822998046875
2026-09-13 18:46:07.910508,-0.006103515625,-0.0195159912109375,-0.999969482421875
2026-09-13 18:46:08.922607,-0.0062103271484375,-0.0200042724609375,-0.9988861083984375
2026-09-13 18:46:09.934863,-0.00726318359375,-0.0201568603515625,-0.9996337890625
2026-09-13 18:46:11.029749,-0.006134033203125,-0.0194854736328125,-0.9981842041015625
2026-09-13 18:46:16.424820,-0.0061187744140625,-0.020660400390625,-0.997894287109375
2026-09-13 18:46:22.739941,-0.0060577392578125,-0.0195770263671875,-0.9977569580078125
2026-09-13 18:46:23.752654,-0.0062103271484375,-0.0198516845703125,-0.9990081787109375
2026-09-13 18:46:24.823920,-0.005615234375,-0.0199737548828125,-0.9984588623046875
2026-09-13 18:46:25.850972,-0.0058135986328125,-0.0193023681640625,-0.9990081787109375
2026-09-13 18:46:26.877350,-0.00653076171875,-0.0204315185546875,-0.9984130859375
2026-09-13 18:46:27.950590,-0.00665283203125,-0.0193328857421875,-0.9992218017578125
2026-09-13 18:46:28.969285,-0.0060882568359375,-0.019683837890625,-0.9987335205078125
2026-09-13 18:46:30.028989,-0.00640869140625,-0.0205230712890625,-0.9993133544921875
2026-09-13 18:46:31.063926,-0.005950927734375,-0.0200347900390625,-0.9983062744140625
2026-09-13 18:46:32.085681,-0.006927490234375,-0.0199737548828125,-0.9981231689453125
2026-09-13 18:46:35.214792,-0.0059814453125,-0.019744873046875,-0.999114990234375
2026-09-13 18:46:38.444913,-0.00665283203125,-0.0196685791015625,-0.9989013671875
2026-09-13 18:46:39.509941,-0.005889892578125,-0.01959228515625,-0.998504638671875
2026-09-13 18:46:40.530253,-0.0069122314453125,-0.0197906494140625,-0.9978485107421875
2026-09-13 18:46:41.550542,-0.0055389404296875,-0.020233154296875,-0.9990997314453125
2026-09-13 18:46:42.616759,-0.00604248046875,-0.0206451416015625,-0.9990081787109375
2026-09-13 18:46:43.645171,-0.0057525634765625,-0.019989013671875,-1.0001373291015625
2026-09-13 18:46:44.655635,-0.006439208984375,-0.0198516845703125,-0.9989776611328125
2026-09-13 18:46:46.671175,-0.0062713623046875,-0.02020263671875,-0.999969482421875
2026-09-13 18:46:47.734831,-0.00579833984375,-0.0201873779296875,-0.9987640380859375
2026-09-13 18:46:48.760763,-0.0055999755859375,-0.0196075439453125,-0.9984130859375
2026-09-13 18:46:49.790872,-0.006103515625,-0.019805908203125,-1.000579833984375
2026-09-13 18:46:56.140626,-0.005340576171875,-0.020263671875,-0.9998321533203125
2026-09-13 18:46:57.151709,-0.006011962890625,-0.02044677734375,-0.999481201171875
2026-09-13 18:46:58.171908,-0.00579833984375,-0.020294189453125,-0.999786376953125
2026-09-13 18:46:59.226965,-0.0059356689453125,-0.0203857421875,-0.9990081787109375
2026-09-13 18:47:00.252450,-0.005950927734375,-0.0201568603515625,-0.99951171875
2026-09-13 18:47:01.280714,-0.0066680908203125,-0.0191650390625,-0.9974517822265625
2026-09-13 18:47:02.302156,-0.0056915283203125,-0.019287109375,-0.9993896484375
2026-09-13 18:47:03.335940,-0.0057830810546875,-0.0196990966796875,-0.999542236328125
2026-09-13 18:47:04.366400,-0.00579833984375,-0.0209503173828125,-0.9999237060546875
2026-09-13 18:47:05.435256,-0.005828857421875,-0.0193634033203125,-0.9990234375
2026-09-13 18:47:06.485304,-0.0005340576171875,-0.02197265625,-0.9993743896484375
2026-09-13 18:47:07.510483,0.0035552978515625,-0.0169525146484375,-0.99774169921875
2026-09-13 18:47:08.570199,-0.03704833984375,-0.012481689453125,-1.0020904541015625
2026-09-13 18:47:09.591250,-0.007354736328125,-0.021942138671875,-1.0299072265625
2026-09-13 18:47:10.634395,-0.004241943359375,-0.0215911865234375,-0.9970703125
2026-09-13 18:47:11.649884,-0.008941650390625,-0.0191497802734375,-0.999420166015625
2026-09-13 18:47:12.670047,-0.0006103515625,-0.02044677734375,-1.00115966796875
2026-09-13 18:47:13.696813,-0.00054931640625,-0.026947021484375,-0.9984283447265625
2026-09-13 18:47:14.771724,0.003692626953125,-0.0236358642578125,-0.9891815185546875
2026-09-13 18:47:15.795806,-0.0136566162109375,-0.0228118896484375,-0.998992919921875
2026-09-13 18:47:16.875427,-0.006744384765625,-0.0225677490234375,-0.9974365234375
2026-09-13 18:47:17.893504,-0.0055084228515625,-0.0228118896484375,-0.99676513671875
2026-09-13 18:47:18.922197,-0.0046234130859375,-0.0192718505859375,-0.9999847412109375
2026-09-13 18:47:20.968577,-0.0059356689453125,-0.022674560546875,-1.0010986328125
2026-09-13 18:47:21.990395,-0.0064849853515625,-0.0248565673828125,-0.9984893798828125
2026-09-13 18:47:23.078821,-0.004974365234375,-0.0216827392578125,-0.999908447265625
2026-09-13 18:47:24.099948,-0.00677490234375,-0.0241241455078125,-0.9987945556640625
2026-09-13 18:47:25.120686,0.0052490234375,-0.02374267578125,-0.9991607666015625
2026-09-13 18:47:26.163388,0.00244140625,-0.0257568359375,-0.9993438720703125
2026-09-13 18:47:27.190366,-0.0095672607421875,-0.02099609375,-0.99761962890625
2026-09-13 18:47:28.275352,-0.0072021484375,-0.0224609375,-1.000335693359375
2026-09-13 18:47:29.353537,-0.0050201416015625,-0.02191162109375,-0.9984130859375
2026-09-13 18:47:30.375853,-0.002960205078125,-0.02099609375,-0.999603271484375
2026-09-13 18:47:31.404949,-0.004150390625,-0.0186309814453125,-0.99737548828125
2026-09-13 18:47:32.430081,-0.0059356689453125,-0.024078369140625,-0.9986724853515625
2026-09-13 18:47:33.449992,-0.0069732666015625,-0.0213165283203125,-1.000518798828125
2026-09-13 18:47:34.465124,-0.006011962890625,-0.0225830078125,-0.99932861328125
2026-09-13 18:47:35.490979,-0.009124755859375,-0.0230255126953125,-0.998016357421875
2026-09-13 18:47:36.529719,-0.005126953125,-0.0223388671875,-0.9995880126953125
2026-09-13 18:47:37.550370,0.00091552734375,-0.022125244140625,-1.00018310546875
2026-09-13 18:47:38.642414,-0.0034942626953125,-0.0247955322265625,-0.9981536865234375
2026-09-13 18:47:39.660248,-0.0043487548828125,-0.02117919921875,-1.000701904296875
2026-09-13 18:47:40.684967,-0.00274658203125,-0.021270751953125,-1.000457763671875
2026-09-13 18:47:41.710207,-0.00665283203125,-0.0218048095703125,-1.0000762939453125
2026-09-13 18:47:42.731461,-0.005279541015625,-0.021484375,-0.9995269775390625
2026-09-13 18:47:43.761016,-0.004638671875,-0.0223388671875,-0.9994049072265625
2026-09-13 18:47:44.769585,-0.0052490234375,-0.021728515625,-0.99749755859375
2026-09-13 18:47:45.801381,-0.006561279296875,-0.021392822265625,-0.9981231689453125
2026-09-13 18:47:46.825312,-0.005767822265625,-0.0219268798828125,-0.9990386962890625
2026-09-13 18:47:47.836123,-0.0057830810546875,-0.0228118896484375,-0.9995574951171875
2026-09-13 18:47:48.906304,-0.0037994384765625,-0.0204620361328125,-0.9996490478515625
2026-09-13 18:47:50.012673,-0.0034942626953125,-0.0192413330078125,-0.9994049072265625
2026-09-13 18:47:51.041404,-0.007354736328125,-0.022705078125,-0.9979248046875
2026-09-13 18:47:55.246700,-0.006072998046875,-0.0214385986328125,-0.998687744140625
2026-09-13 18:47:59.554857,-0.0053253173828125,-0.0196533203125,-0.9992523193359375
2026-09-13 18:48:00.580646,-0.00616455078125,-0.01983642578125,-0.998779296875
2026-09-13 18:48:01.587291,-0.007110595703125,-0.02099609375,-0.999786376953125
2026-09-13 18:48:02.652383,-0.00372314453125,-0.0209808349609375,-0.999359130859375
2026-09-13 18:48:03.669418,-0.00555419921875,-0.0207672119140625,-1.00054931640625
2026-09-13 18:48:04.687100,-0.0054168701171875,-0.0209503173828125,-0.998931884765625
2026-09-13 18:48:05.695595,-0.00518798828125,-0.0233917236328125,-0.9976806640625
2026-09-13 18:48:06.789892,-0.0076446533203125,-0.013397216796875,-0.997406005859375
2026-09-13 18:48:07.835277,-0.0062103271484375,-0.020599365234375,-0.996856689453125
2026-09-13 18:48:08.859929,-0.0089569091796875,-0.028350830078125,-0.9998626708984375
2026-09-13 18:48:09.883018,-0.0001373291015625,-0.0290374755859375,-1.000244140625
2026-09-13 18:48:10.940169,-0.0049591064453125,-0.026580810546875,-0.9945831298828125
2026-09-13 18:48:12.005631,-0.0064239501953125,-0.02838134765625,-0.9968719482421875
2026-09-13 18:48:13.065217,-0.01068115234375,-0.020294189453125,-0.99951171875
2026-09-13 18:48:14.087134,-0.004852294921875,-0.02008056640625,-0.9982452392578125
2026-09-13 18:48:15.102855,-0.0072021484375,-0.019195556640625,-0.9993896484375
2026-09-13 18:48:16.141061,-0.0049896240234375,-0.0218048095703125,-1.000274658203125
2026-09-13 18:48:17.195450,-0.0040130615234375,-0.0218658447265625,-0.9997711181640625
2026-09-13 18:48:18.216115,-0.0016021728515625,-0.01947021484375,-0.9994659423828125
2026-09-13 18:48:19.235701,-0.0055084228515625,-0.021636962890625,-0.996856689453125
2026-09-13 18:48:20.269344,-0.008087158203125,-0.020904541015625,-0.9991302490234375
2026-09-13 18:48:21.293967,-0.0046234130859375,-0.0220794677734375,-0.9996185302734375
2026-09-13 18:48:22.313003,-0.005279541015625,-0.0211639404296875,-0.9980010986328125
2026-09-13 18:48:23.340370,-0.0068511962890625,-0.0203704833984375,-0.99908447265625
2026-09-13 18:48:24.365630,-0.009124755859375,-0.02069091796875,-1.0017242431640625
2026-09-13 18:48:25.390239,-0.0058135986328125,-0.021148681640625,-0.9991302490234375
2026-09-13 18:48:26.415850,-0.00714111328125,-0.0216064453125,-0.9987945556640625
2026-09-13 18:48:27.479615,-0.00628662109375,-0.02142333984375,-0.9988250732421875
2026-09-13 18:48:28.530454,-0.005157470703125,-0.022064208984375,-0.9997711181640625
2026-09-13 18:48:29.540634,-0.0056610107421875,-0.0207977294921875,-0.9981231689453125
2026-09-13 18:48:30.559055,-0.006378173828125,-0.02130126953125,-0.9975433349609375
2026-09-13 18:48:31.589266,-0.0063018798828125,-0.0211334228515625,-0.99871826171875
2026-09-13 18:48:32.615786,-0.0059967041015625,-0.021759033203125,-0.998931884765625
2026-09-13 18:48:33.654685,-0.0034027099609375,-0.0211334228515625,-0.9992523193359375
2026-09-13 18:48:34.670390,-0.0062408447265625,-0.022705078125,-0.9988250732421875
2026-09-13 18:48:35.720167,-0.00634765625,-0.020751953125,-1.001251220703125
2026-09-13 18:48:37.785397,-0.0074310302734375,-0.01934814453125,-0.99908447265625
2026-09-13 18:48:38.800415,-0.0090484619140625,-0.02081298828125,-0.9993438720703125
2026-09-13 18:48:39.815691,-0.0057373046875,-0.017974853515625,-1.000030517578125
2026-09-13 18:48:40.885346,-0.0082855224609375,-0.0242919921875,-0.9976806640625
2026-09-13 18:48:41.922530,-0.0087127685546875,-0.019500732421875,-0.99786376953125
2026-09-13 18:48:42.935927,-0.0074615478515625,-0.021636962890625,-0.9970245361328125
2026-09-13 18:48:43.966508,-0.0052642822265625,-0.0219268798828125,-0.9993743896484375
2026-09-13 18:48:44.993954,-0.00634765625,-0.0212554931640625,-0.9984588623046875
2026-09-13 18:48:46.016250,-0.0052032470703125,-0.0205230712890625,-0.9988861083984375
2026-09-13 18:48:47.045608,-0.006805419921875,-0.0216522216796875,-1.0003814697265625
2026-09-13 18:48:48.125486,-0.00469970703125,-0.0213470458984375,-0.9980010986328125
2026-09-13 18:48:49.138190,-0.004241943359375,-0.021087646484375,-1.0000152587890625
2026-09-13 18:48:50.161516,-0.0042724609375,-0.022003173828125,-0.9990081787109375
2026-09-13 18:48:51.181073,-0.0064544677734375,-0.0213623046875,-1.0025177001953125
2026-09-13 18:48:52.200367,-0.0063934326171875,-0.0211181640625,-0.99884033203125
2026-09-13 18:48:53.216605,-0.006256103515625,-0.0220947265625,-0.999237060546875
2026-09-13 18:48:54.235467,-0.0057373046875,-0.0207061767578125,-0.998443603515625
2026-09-13 18:48:55.259372,-0.004608154296875,-0.02166748046875,-0.9998626708984375
2026-09-13 18:48:56.287369,-0.0061492919921875,-0.0215606689453125,-0.9993133544921875
2026-09-13 18:48:57.309196,-0.0059967041015625,-0.0218963623046875,-1.0002593994140625
2026-09-13 18:48:58.312212,-0.006439208984375,-0.0207061767578125,-0.9992523193359375
2026-09-13 18:48:59.330310,-0.00665283203125,-0.0238037109375,-1.0
2026-09-13 18:49:00.357426,-0.004180908203125,-0.0214996337890625,-0.99920654296875
2026-09-13 18:49:01.395303,-0.005096435546875,-0.021270751953125,-0.9997406005859375
2026-09-13 18:49:02.421919,-0.0053558349609375,-0.0208740234375,-0.997589111328125
2026-09-13 18:49:09.858281,-0.0074310302734375,-0.02154541015625,-0.9981231689453125
2026-09-13 18:49:11.971261,-0.0055084228515625,-0.021575927734375,-0.9997711181640625
2026-09-13 18:49:13.010779,-0.0045928955078125,-0.0202789306640625,-0.99810791015625
2026-09-13 18:49:14.075197,-0.0068817138671875,-0.02105712890625,-0.997589111328125
2026-09-13 18:49:15.133642,-0.0086212158203125,-0.02593994140625,-0.99920654296875
2026-09-13 18:49:16.163213,-0.0026397705078125,-0.0282745361328125,-0.9762115478515625
2026-09-13 18:49:17.183892,-0.0046539306640625,-0.0257415771484375,-1.0007171630859375
2026-09-13 18:49:18.254958,-0.004608154296875,-0.025482177734375,-0.998992919921875
2026-09-13 18:49:19.333455,-0.0046539306640625,-0.0189361572265625,-1.0104522705078125
2026-09-13 18:49:20.368489,-0.004974365234375,-0.0229644775390625,-0.9995880126953125
2026-09-13 18:49:25.657157,-0.1244354248046875,-0.590972900390625,-1.002227783203125
2026-09-13 18:49:26.678974,0.077301025390625,-0.162445068359375,-0.739959716796875
2026-09-13 18:49:27.695839,0.313446044921875,-0.312042236328125,-0.99029541015625
2026-09-13 18:49:28.771191,0.2101593017578125,-0.06427001953125,-0.807891845703125
2026-09-13 18:49:29.786253,-0.0109100341796875,-0.01068115234375,-0.98138427734375
2026-09-13 18:49:30.805969,-0.009735107421875,-0.0264434814453125,-0.998992919921875
2026-09-13 18:49:31.814123,-0.0077362060546875,-0.025177001953125,-0.9991607666015625
2026-09-13 18:49:32.827023,-0.0053863525390625,-0.02227783203125,-1.0001220703125
2026-09-13 18:49:33.867664,-0.00799560546875,-0.023193359375,-1.0000152587890625
2026-09-13 18:49:34.891017,-0.00665283203125,-0.02398681640625,-0.99859619140625
2026-09-13 18:49:45.462248,-0.0151519775390625,-0.026611328125,-0.998321533203125
2026-09-13 18:49:46.484639,0.0187225341796875,-0.0419158935546875,-1.0006866455078125
2026-09-13 18:49:47.501280,0.1831512451171875,-0.1097869873046875,-0.9709320068359375
2026-09-13 18:49:48.540889,0.1806640625,-0.549774169921875,-0.63421630859375
2026-09-13 18:49:49.575455,0.290313720703125,-0.0365142822265625,-0.7867279052734375
2026-09-13 18:49:50.646671,0.330078125,-0.2996978759765625,-1.048431396484375
2026-09-13 18:49:51.690868,0.2500457763671875,-0.61492919921875,-0.83709716796875
2026-09-13 18:49:52.724434,0.4118804931640625,-0.3055267333984375,-0.9003753662109375
2026-09-13 18:49:53.734847,0.2438507080078125,-0.3640899658203125,-0.697723388671875
2026-09-13 18:49:54.772597,0.2745361328125,-0.50555419921875,-0.96478271484375
2026-09-13 18:49:55.871164,0.2187042236328125,-0.5216827392578125,-0.82720947265625
2026-09-13 18:49:56.891667,0.2279205322265625,-0.5018310546875,-0.78094482421875
2026-09-13 18:49:57.912277,0.3043975830078125,0.035552978515625,-0.8218994140625
2026-09-13 18:49:58.935337,0.2010345458984375,-0.03863525390625,-0.8125
2026-09-13 18:49:59.973573,-0.00140380859375,-0.0200958251953125,-0.9781951904296875
2026-09-13 18:50:01.011388,0.0020751953125,-0.023223876953125,-0.9985809326171875
2026-09-13 18:50:02.106910,-0.002899169921875,-0.018280029296875,-0.9997406005859375
2026-09-13 18:50:03.126361,0.0051727294921875,-0.017242431640625,-0.9992523193359375
2026-09-13 18:50:04.166417,-0.0045013427734375,-0.0239715576171875,-0.989959716796875
2026-09-13 18:50:05.192933,-0.0015869140625,-0.02655029296875,-0.9980010986328125
2026-09-13 18:50:06.228370,0.002044677734375,-0.0166168212890625,-0.9852142333984375
2026-09-13 18:50:07.247907,0.0037689208984375,-0.01348876953125,-0.9954071044921875
2026-09-13 18:50:08.272912,-0.001495361328125,-0.0250091552734375,-1.0040740966796875
2026-09-13 18:50:09.309067,-0.0040435791015625,-0.0190887451171875,-0.99822998046875
2026-09-13 18:50:10.330686,-0.0028076171875,-0.0204315185546875,-0.999053955078125
2026-09-13 18:50:11.355411,-0.00048828125,-0.0216522216796875,-0.998565673828125
2026-09-13 18:50:12.450713,1.52587890625e-05,-0.01953125,-0.9992828369140625
2026-09-13 18:50:17.821021,-0.0013427734375,-0.020660400390625,-0.9972686767578125
2026-09-13 18:50:20.997000,-0.0042266845703125,-0.0219268798828125,-0.9957733154296875
2026-09-13 18:50:22.070562,0.001495361328125,-0.01214599609375,-0.99615478515625
2026-09-13 18:50:23.131019,-0.003753662109375,-0.0175018310546875,-0.99468994140625
2026-09-13 18:50:24.209563,-0.0028533935546875,-0.0213775634765625,-1.001434326171875
2026-09-13 18:50:25.229694,0.00091552734375,-0.023193359375,-0.9983978271484375
2026-09-13 18:50:35.920944,-0.0011749267578125,-0.0186920166015625,-0.998260498046875
2026-09-13 18:50:36.942968,-0.0046539306640625,-0.02093505859375,-0.998687744140625
2026-09-13 18:50:37.955957,0.0,-0.019256591796875,-0.99993896484375
2026-09-13 18:50:38.976641,-0.0037994384765625,-0.0210113525390625,-0.9973602294921875
2026-09-13 18:50:40.010021,-0.0025482177734375,-0.021026611328125,-0.9989471435546875
2026-09-13 18:50:41.021078,-0.0010833740234375,-0.0211029052734375,-0.9986419677734375
2026-09-13 18:50:42.066465,1.52587890625e-05,-0.02093505859375,-0.998199462890625
2026-09-13 18:50:43.095796,-0.0015869140625,-0.021026611328125,-0.9994964599609375
2026-09-13 18:50:44.121020,-0.0045166015625,-0.019012451171875,-0.9977874755859375
2026-09-13 18:50:45.128353,-0.0059967041015625,-0.019683837890625,-1.00006103515625
2026-09-13 18:50:46.216673,-0.002685546875,-0.0208587646484375,-0.9995574951171875
2026-09-13 18:50:47.270991,-0.0014495849609375,-0.022003173828125,-0.999053955078125
2026-09-13 18:50:48.285766,-0.0028228759765625,-0.020660400390625,-0.9990386962890625
2026-09-13 18:50:49.301141,-0.0055694580078125,-0.0189666748046875,-0.993927001953125
2026-09-13 18:50:50.343867,-0.00323486328125,-0.0213623046875,-0.998016357421875
2026-09-13 18:50:52.440973,-0.002716064453125,-0.01824951171875,-1.000091552734375
2026-09-13 18:50:57.690248,-0.006011962890625,-0.019378662109375,-0.9998931884765625
2026-09-13 18:50:58.711625,-0.0033416748046875,-0.0169677734375,-0.999176025390625
2026-09-13 18:50:59.737505,-0.006317138671875,-0.0260467529296875,-0.99737548828125
2026-09-13 18:51:00.801039,-0.0055694580078125,-0.0234527587890625,-0.9984283447265625
2026-09-13 18:51:01.807442,-0.0023193359375,-0.0209197998046875,-0.9985809326171875
2026-09-13 18:51:02.832455,0.001007080078125,-0.019134521484375,-0.99761962890625
2026-09-13 18:51:03.873067,-0.0058746337890625,-0.0284271240234375,-0.9998016357421875
2026-09-13 18:51:04.907735,-0.0100860595703125,-0.02081298828125,-0.987213134765625
2026-09-13 18:51:05.926225,-0.046417236328125,-0.0026702880859375,-0.9851531982421875
2026-09-13 19:09:07.509504,-0.09539794921875,-0.5188751220703125,-0.9400482177734375
2026-09-13 19:09:08.521847,-0.120147705078125,-0.3963775634765625,-0.9085693359375
2026-09-13 19:09:09.571160,-0.105377197265625,-0.385040283203125,-0.911224365234375
2026-09-13 19:09:10.588252,-0.1017913818359375,-0.384490966796875,-0.916778564453125
2026-09-13 19:09:18.124338,0.04205322265625,-0.5183563232421875,-0.8519439697265625
2026-09-13 19:09:19.145897,0.0568389892578125,-0.538665771484375,-0.83624267578125
2026-09-13 19:09:20.171934,-0.0858306884765625,-0.4559783935546875,-0.9257354736328125
2026-09-13 19:09:21.239247,-0.1053466796875,-0.2174530029296875,-0.9904022216796875
2026-09-13 19:09:22.274276,0.0233612060546875,-0.4449462890625,-0.9727325439453125
2026-09-13 19:09:23.279410,-0.26983642578125,-0.4198150634765625,-0.868011474609375
2026-09-13 19:09:24.291244,-0.35601806640625,0.018890380859375,-1.0033111572265625
2026-09-13 19:09:25.309571,-0.2463836669921875,-0.184967041015625,-0.9336395263671875
2026-09-13 19:09:27.396477,-0.2332611083984375,-0.1974029541015625,-0.9547576904296875
2026-09-13 19:09:28.425034,-0.2360076904296875,-0.2219085693359375,-0.955413818359375
2026-09-13 19:09:29.450337,-0.22930908203125,-0.219635009765625,-0.945343017578125
2026-09-13 19:09:30.529340,-0.23126220703125,-0.2196044921875,-0.94537353515625
2026-09-13 19:09:31.552564,-0.2377166748046875,-0.2057037353515625,-0.9526519775390625
2026-09-13 19:09:32.576286,-0.223114013671875,-0.227752685546875,-0.9431915283203125
2026-09-13 19:09:33.600041,-0.036224365234375,-0.254638671875,-1.003204345703125
2026-09-13 19:09:34.650778,-0.0006866455078125,-0.0199432373046875,-0.9963531494140625
2026-09-13 19:09:35.668913,0.0028533935546875,-0.0204010009765625,-0.9981231689453125
2026-09-13 19:09:36.695943,0.0007476806640625,-0.0201416015625,-0.9969635009765625
2026-09-13 19:09:41.999347,0.0007781982421875,-0.019500732421875,-0.9954986572265625
2026-09-13 19:35:00.433550,-0.076568603515625,-0.7981414794921875,-0.59552001953125
2026-09-13 19:35:01.507311,-0.0436553955078125,-0.8575592041015625,-0.5018463134765625
2026-09-13 19:35:02.542167,-0.0224609375,-0.8695220947265625,-0.491790771484375
2026-09-13 19:35:03.567657,-0.07159423828125,-0.8878936767578125,-0.451416015625
2026-09-13 19:35:04.592416,-0.0519256591796875,-0.8914947509765625,-0.45220947265625
2026-09-13 19:35:05.652506,-0.0555877685546875,-0.8773956298828125,-0.5000152587890625
2026-09-13 19:35:06.677595,-0.0476837158203125,-0.631744384765625,-0.311798095703125
2026-09-13 19:35:07.753265,-0.1499176025390625,-0.5335845947265625,-0.8391876220703125
2026-09-13 19:35:08.826754,-0.345123291015625,-0.4413909912109375,-0.812957763671875
2026-09-13 19:35:09.851147,-0.123046875,-0.64801025390625,-0.879852294921875
2026-09-13 19:35:10.872436,-0.2420501708984375,-0.82293701171875,-0.5566864013671875
2026-09-13 19:35:11.897431,-0.0254669189453125,-0.8127593994140625,-0.5657501220703125
2026-09-13 19:35:12.916567,-0.054840087890625,-0.8001251220703125,-0.5584564208984375
2026-09-13 19:35:13.926340,0.1059112548828125,-0.782958984375,-0.76849365234375
2026-09-13 19:35:14.952073,-0.26611328125,-0.6090087890625,-0.78729248046875
2026-09-13 19:35:15.980368,-0.155731201171875,-0.415771484375,-0.843536376953125
2026-09-13 19:35:18.044089,-0.0093841552734375,-0.755859375,-0.4763031005859375
2026-09-13 19:35:19.048887,-0.0464019775390625,-0.851776123046875,-0.4940032958984375
2026-09-13 19:35:20.053496,-0.1004180908203125,-0.816162109375,-0.516510009765625
2026-09-13 19:35:21.071397,-0.0514678955078125,-0.7565155029296875,-0.649566650390625
2026-09-13 19:35:22.096438,-0.1748504638671875,-0.67779541015625,-0.7493896484375
2026-09-13 19:35:23.107106,-0.07391357421875,-0.82318115234375,-0.553009033203125
2026-09-13 19:35:29.566634,-0.0527496337890625,-0.7121429443359375,-0.642333984375
2026-09-13 19:35:30.584761,-0.18798828125,-0.772918701171875,-0.749114990234375
2026-09-13 19:35:31.621175,-0.1314239501953125,-0.7849578857421875,-0.6295166015625
2026-09-13 19:35:32.639866,-0.1024169921875,-0.751678466796875,-0.6374969482421875
2026-09-13 19:35:33.670279,-0.085540771484375,-0.7369842529296875,-0.679351806640625
2026-09-13 19:35:34.694755,-0.1685943603515625,-0.7039031982421875,-0.625030517578125
2026-09-13 19:35:35.769715,-0.0680084228515625,-0.7073974609375,-0.7059326171875
2026-09-13 19:36:52.735934,0.0408782958984375,-0.550567626953125,-0.825836181640625
2026-09-13 19:36:53.760947,0.032379150390625,-0.546112060546875,-0.8350372314453125
2026-09-13 19:36:54.787967,0.045379638671875,-0.55889892578125,-0.8275909423828125
2026-09-13 19:36:55.802678,0.0146636962890625,-0.640899658203125,-0.778900146484375
2026-09-13 19:36:56.821461,0.007537841796875,-0.62738037109375,-0.6923980712890625
2026-09-13 19:37:06.390855,-0.00433349609375,-0.6454620361328125,-0.75054931640625
2026-09-13 19:37:07.407004,-0.026519775390625,-0.4503631591796875,-0.71514892578125
2026-09-13 19:37:08.480306,0.0160064697265625,-0.27099609375,-0.9756927490234375
2026-09-13 19:37:09.510460,0.0777130126953125,-0.45428466796875,-0.9484405517578125
2026-09-13 19:37:10.525797,0.0168304443359375,-0.6842041015625,-0.71636962890625
2026-09-13 19:37:11.542763,0.0854339599609375,-0.71929931640625,-0.8639984130859375
2026-09-13 19:37:12.618855,0.0987548828125,-0.51812744140625,-0.822174072265625
2026-09-13 19:37:13.643104,0.0503997802734375,-0.47705078125,-0.9205780029296875
2026-09-13 19:37:14.665815,-0.097198486328125,-0.6495513916015625,-0.7041778564453125
2026-09-13 19:37:15.742065,-0.0781097412109375,-0.639068603515625,-0.541107177734375
2026-09-13 19:37:16.768040,-0.017333984375,-0.744049072265625,-0.72088623046875
2026-09-13 19:37:17.813041,-0.0416259765625,-0.7109222412109375,-0.7513580322265625
2026-09-13 19:37:18.846893,0.0972900390625,-0.5118408203125,-0.904693603515625
2026-09-13 19:37:19.933254,0.032562255859375,-0.377105712890625,-0.87713623046875
2026-09-13 19:37:21.002946,0.0754547119140625,-0.4037933349609375,-0.9188232421875
2026-09-13 19:37:22.023176,-0.038848876953125,-0.5752410888671875,-0.698577880859375
2026-09-13 19:37:23.055790,-0.0276947021484375,-0.572723388671875,-0.737884521484375
2026-09-13 19:37:24.102215,-0.01171875,-0.2948760986328125,-0.7205810546875
2026-09-13 19:37:25.151659,0.0980987548828125,-0.32330322265625,-0.931915283203125
2026-09-13 19:37:26.240771,0.03546142578125,-0.3110504150390625,-0.9242095947265625
2026-09-13 19:37:27.264234,-0.1498260498046875,-0.68389892578125,-0.6703643798828125
2026-09-13 19:37:28.288757,-0.0644989013671875,-0.6740875244140625,-0.7187957763671875
2026-09-13 19:37:29.312871,-0.146636962890625,-0.4569091796875,-0.9195556640625
2026-09-13 19:37:30.395857,-0.0991058349609375,-0.562957763671875,-0.8406524658203125
2026-09-13 19:37:31.502761,-0.092529296875,-0.5758819580078125,-0.802490234375
2026-09-13 19:37:32.534771,-0.102508544921875,-0.564849853515625,-0.82000732421875
2026-09-13 19:37:33.564096,-0.109222412109375,-0.5568695068359375,-0.812286376953125
2026-09-13 19:37:34.589266,-0.1094207763671875,-0.5675201416015625,-0.815582275390625
2026-09-13 19:37:35.610684,-0.12237548828125,-0.573333740234375,-0.820953369140625
2026-09-13 19:37:36.624817,0.0180816650390625,-0.7761077880859375,-0.585296630859375
2026-09-13 19:37:37.670308,-0.05792236328125,-0.5570526123046875,-0.7972869873046875
2026-09-13 19:37:38.691611,-0.0892181396484375,-0.6949462890625,-0.6966552734375
2026-09-13 19:37:39.744624,-0.12554931640625,-0.7494354248046875,-0.61712646484375
2026-09-13 19:37:40.766658,0.040130615234375,-0.5977325439453125,-0.7957305908203125
2026-09-13 19:37:41.846020,-0.019989013671875,-0.5152740478515625,-0.8516693115234375
2026-09-13 19:37:42.904830,-0.0349273681640625,-0.5532073974609375,-0.858245849609375
2026-09-13 19:37:43.920742,-0.01092529296875,-0.5398406982421875,-0.689239501953125
2026-09-13 19:37:44.935688,0.02239990234375,-0.52227783203125,-0.8577880859375
2026-09-13 19:37:45.950254,0.0066070556640625,-0.5099334716796875,-0.8481597900390625
2026-09-13 19:37:47.005050,0.0422515869140625,-0.52203369140625,-0.8594970703125
2026-09-13 19:37:48.018161,0.0202484130859375,-0.5315704345703125,-0.8426361083984375
2026-09-13 19:37:49.045773,-0.01519775390625,-0.5797271728515625,-0.740264892578125
2026-09-13 19:37:50.069671,-0.076904296875,-0.5917816162109375,-0.7908782958984375
2026-09-13 19:37:51.080805,-0.0728912353515625,-0.6448211669921875,-0.7436981201171875
2026-09-13 19:37:52.110433,-0.0077667236328125,-0.7888641357421875,-0.7425994873046875
2026-09-13 19:37:53.150823,-0.0813446044921875,-0.387359619140625,-0.846710205078125
2026-09-13 19:37:54.160293,-0.0923614501953125,-0.71014404296875,-0.7257232666015625
2026-09-13 19:37:56.208382,-0.014892578125,-0.5054473876953125,-0.6654052734375
2026-09-13 19:37:57.230536,-0.0577392578125,-0.4639434814453125,-0.7845458984375
2026-09-13 19:37:58.281585,-0.0699462890625,-0.5316009521484375,-0.9642486572265625
2026-09-13 19:37:59.305917,-0.0857086181640625,-0.6665802001953125,-0.8739776611328125
2026-09-13 19:38:00.385643,-0.014801025390625,-0.4600677490234375,-0.788909912109375
2026-09-13 19:38:01.415163,-0.0544891357421875,-0.3521881103515625,-0.9471893310546875
2026-09-13 19:38:02.451428,0.0554046630859375,-0.345794677734375,-0.599334716796875
2026-09-13 19:38:03.537504,0.11590576171875,-0.4523468017578125,-1.0966796875
2026-09-13 19:38:04.565019,0.03961181640625,-0.6743316650390625,-1.3368377685546875
2026-09-13 19:38:05.581326,-0.1187896728515625,-0.574066162109375,-0.8090667724609375
2026-09-13 19:38:06.609576,-0.0245208740234375,-0.5383148193359375,-0.7718048095703125
2026-09-13 19:38:07.682932,0.15118408203125,-0.498077392578125,-0.8551177978515625
2026-09-13 19:38:08.702410,0.0016632080078125,-0.433258056640625,-0.843719482421875
2026-09-13 19:38:09.721362,-0.25018310546875,-0.5811767578125,-0.8435821533203125
2026-09-13 19:38:10.738138,0.0428466796875,-0.5139617919921875,-0.643402099609375
2026-09-13 19:38:11.766374,0.02130126953125,-0.4732818603515625,-0.7798614501953125
2026-09-13 19:38:12.810796,0.0111541748046875,-0.4722137451171875,-0.861602783203125
2026-09-13 19:38:13.827046,0.004486083984375,-0.4669952392578125,-0.8607940673828125
2026-09-13 19:38:14.926482,0.0106353759765625,-0.4592132568359375,-0.8764495849609375
2026-09-13 19:38:15.953662,-0.3062286376953125,-0.7243194580078125,-0.8925628662109375
2026-09-13 19:38:16.972241,-0.1381988525390625,-0.7316741943359375,-0.5560150146484375
2026-09-13 19:38:18.030020,0.080718994140625,-0.7651519775390625,-0.5791778564453125
2026-09-13 19:38:19.058121,-0.1708984375,-0.62457275390625,-0.7859039306640625
2026-09-13 19:38:20.088326,0.0447845458984375,-0.707916259765625,-0.7765655517578125
2026-09-13 19:38:21.095634,-0.1046905517578125,-0.7007598876953125,-0.7049560546875
2026-09-13 19:38:22.126571,-0.0238189697265625,-0.73089599609375,-0.7268829345703125
2026-09-13 19:38:23.155689,0.0075225830078125,-0.6669921875,-0.721160888671875
2026-09-13 19:38:24.183502,0.051849365234375,-0.625823974609375,-0.60296630859375
2026-09-13 19:38:25.206188,-0.0555267333984375,-0.721435546875,-0.794464111328125
2026-09-13 19:38:26.255018,0.028411865234375,-0.6762542724609375,-0.7288055419921875
2026-09-13 19:38:28.310648,-0.049530029296875,-0.6879425048828125,-0.8347015380859375
2026-09-13 19:38:29.340152,0.0522003173828125,-0.61199951171875,-0.8365478515625
2026-09-13 19:38:30.374253,-0.0089569091796875,-0.4561920166015625,-0.6536407470703125
2026-09-13 19:38:31.454714,-0.0951080322265625,-0.45440673828125,-0.8074188232421875
2026-09-13 19:38:32.477861,-0.0649261474609375,-0.616546630859375,-0.844970703125
2026-09-13 19:38:33.493689,-0.0377044677734375,-0.664703369140625,-0.804656982421875
2026-09-13 19:38:34.545908,-0.04034423828125,-0.6686859130859375,-0.7104339599609375
2026-09-13 19:38:35.576933,-0.049163818359375,-0.660186767578125,-0.719970703125
2026-09-13 19:38:36.651264,-0.0383453369140625,-0.6493988037109375,-0.7410430908203125
2026-09-13 19:38:37.659982,-0.0138092041015625,-0.5620269775390625,-0.700469970703125
2026-09-13 19:38:38.691798,-0.066741943359375,-0.4897308349609375,-0.7974090576171875
2026-09-13 19:38:39.728424,-0.0147247314453125,-0.59716796875,-0.717559814453125
2026-09-13 19:38:40.785799,0.008544921875,-0.6409149169921875,-0.8298797607421875
2026-09-13 19:38:41.808894,0.0713958740234375,-0.5530548095703125,-0.773406982421875
2026-09-13 19:38:42.826532,-0.0250091552734375,-0.517730712890625,-0.800079345703125
2026-09-13 19:38:43.853828,-0.0145263671875,-0.51513671875,-0.8621826171875
2026-09-13 19:38:44.876747,-0.0212249755859375,-0.5374908447265625,-0.86810302734375
2026-09-13 19:38:45.905351,-0.074249267578125,-0.60809326171875,-0.870849609375
2026-09-13 19:38:46.938923,-0.014068603515625,-0.4472808837890625,-0.9390106201171875
2026-09-13 19:38:48.005314,-0.0061187744140625,-0.4561920166015625,-0.9056396484375
2026-09-13 19:38:49.025383,0.1863861083984375,-0.4564361572265625,-0.8991851806640625
2026-09-13 19:38:50.045331,0.058624267578125,-0.4309539794921875,-0.793182373046875
2026-09-13 19:38:51.055245,0.07781982421875,-0.4560699462890625,-0.8748779296875
2026-09-13 19:38:52.124460,0.08050537109375,-0.4444580078125,-0.8738861083984375
2026-09-13 19:38:53.140278,0.08551025390625,-0.4531402587890625,-0.87884521484375
2026-09-13 19:38:54.157374,0.0856475830078125,-0.4544677734375,-0.883270263671875
2026-09-13 19:38:55.184710,0.088592529296875,-0.4546661376953125,-0.8784637451171875
2026-09-13 19:38:56.245151,0.083740234375,-0.4528961181640625,-0.884033203125
2026-09-13 19:38:57.262067,0.0855560302734375,-0.456573486328125,-0.8792266845703125
2026-09-13 19:38:58.279745,0.0880279541015625,-0.44970703125,-0.876495361328125
2026-09-13 19:38:59.355455,0.093475341796875,-0.4525604248046875,-0.8867950439453125
2026-09-13 19:39:00.374665,-0.47674560546875,-0.455322265625,-0.8818359375
2026-09-13 19:50:01.070273,-0.1008758544921875,-0.1409912109375,-0.9865570068359375
2026-09-13 19:50:02.132615,-0.1002655029296875,-0.137725830078125,-0.9838104248046875
2026-09-13 19:50:03.164113,-0.1126708984375,-0.1562652587890625,-0.9734344482421875
2026-09-13 19:50:04.185480,-0.115936279296875,-0.1584320068359375,-0.9759979248046875
2026-09-13 19:50:05.209168,-0.1138458251953125,-0.158721923828125,-0.975189208984375
2026-09-13 19:50:06.268411,-0.110626220703125,-0.15618896484375,-0.977874755859375
2026-09-13 19:50:07.318902,-0.11126708984375,-0.1610565185546875,-0.9817352294921875
2026-09-13 19:50:08.328411,-0.117218017578125,-0.14990234375,-0.9854583740234375
2026-09-13 19:50:09.351448,-0.1180572509765625,-0.1522216796875,-0.9848175048828125
2026-09-13 19:50:10.364531,-0.130035400390625,-0.1421356201171875,-0.987213134765625
2026-09-13 19:50:11.387220,-0.123138427734375,-0.1513519287109375,-0.9806671142578125
2026-09-13 19:50:12.421885,-0.139862060546875,-0.2245025634765625,-0.9796905517578125
2026-09-13 19:50:13.442580,-0.0955810546875,-0.6059417724609375,-0.7940826416015625
2026-09-13 19:50:14.471112,-0.09820556640625,-0.7077178955078125,-0.603607177734375
2026-09-13 19:50:15.546472,0.0386199951171875,-0.833740234375,-0.584716796875
2026-09-13 19:50:16.571387,-0.0440521240234375,-0.7386322021484375,-0.6721954345703125
2026-09-13 19:50:17.593841,-0.003570556640625,-0.73956298828125,-0.71209716796875
2026-09-13 19:50:18.601472,0.0748748779296875,-0.7532806396484375,-0.6929931640625
2026-09-13 19:50:19.642948,0.1685943603515625,-0.869781494140625,-0.408050537109375
2026-09-13 19:50:20.675206,-0.183746337890625,-0.683929443359375,-0.484100341796875
2026-09-13 19:50:21.697419,0.03582763671875,-0.840423583984375,-0.64935302734375
2026-09-13 19:50:22.705481,0.0113983154296875,-0.79620361328125,-0.4496917724609375
2026-09-13 19:50:23.759527,-0.0373992919921875,-0.7902679443359375,-0.6702880859375
2026-09-13 19:50:24.789924,-0.0260162353515625,-0.822357177734375,-0.6006622314453125
2026-09-13 19:50:25.813281,-0.017425537109375,-0.835357666015625,-0.584991455078125
2026-09-13 19:50:26.821993,-0.0339202880859375,-0.794219970703125,-0.6504364013671875
2026-09-13 19:50:28.979174,-0.0121612548828125,-0.781829833984375,-0.5985260009765625
2026-09-13 19:50:29.983804,0.002532958984375,-0.782867431640625,-0.60748291015625
2026-09-13 19:50:31.076770,0.0263671875,-0.763763427734375,-0.595367431640625
2026-09-13 19:50:32.126990,0.1314697265625,-0.7972412109375,-0.5944671630859375
2026-09-13 19:50:33.149762,0.101898193359375,-0.7896728515625,-0.5952301025390625
2026-09-13 19:50:34.178787,0.0892333984375,-0.7372283935546875,-0.6437835693359375
2026-09-13 19:50:35.197454,0.094146728515625,-0.7472991943359375,-0.6750640869140625
2026-09-13 19:50:36.283083,0.151947021484375,-0.8399810791015625,-0.6352691650390625
2026-09-13 19:50:37.346853,0.03045654296875,-0.7938079833984375,-0.5671539306640625
2026-09-13 19:50:38.389686,0.052520751953125,-0.7739715576171875,-0.660400390625
2026-09-13 19:50:39.403254,0.0374603271484375,-0.879638671875,-0.582733154296875
2026-09-13 19:50:40.479777,0.0711822509765625,-0.9219818115234375,-0.48358154296875
2026-09-13 19:50:41.504663,0.0808868408203125,-0.8687896728515625,-0.5222320556640625
2026-09-13 19:50:42.529324,0.050628662109375,-0.7983551025390625,-0.56488037109375
2026-09-13 19:50:43.573548,-0.044097900390625,-0.802520751953125,-0.446014404296875
2026-09-13 19:50:44.649271,-0.0443115234375,-0.7847747802734375,-0.4418487548828125
2026-09-13 19:50:45.683570,-0.0116729736328125,-0.9389495849609375,-0.374298095703125
2026-09-13 19:50:46.732380,-0.0335693359375,-0.905059814453125,-0.4015350341796875
2026-09-13 19:50:47.753871,-0.03851318359375,-0.8921356201171875,-0.3931427001953125
2026-09-13 19:50:48.778902,-0.0662078857421875,-0.8400115966796875,-0.442626953125
2026-09-13 19:50:49.785686,0.0389556884765625,-0.857757568359375,-0.4837646484375
2026-09-13 19:50:50.850051,0.038604736328125,-0.8796539306640625,-0.503082275390625
2026-09-13 19:50:51.899339,0.0230712890625,-0.8986053466796875,-0.4821014404296875
2026-09-13 19:50:52.948649,-0.010650634765625,-0.9119720458984375,-0.48590087890625
2026-09-13 19:50:54.029197,-0.0320281982421875,-0.92388916015625,-0.3900299072265625
2026-09-13 19:50:55.049912,-0.0442352294921875,-0.89202880859375,-0.3579559326171875
2026-09-13 19:50:56.124110,-0.00482177734375,-0.924774169921875,-0.373016357421875
2026-09-13 19:50:57.144593,0.0478515625,-0.929779052734375,-0.40380859375
2026-09-13 19:50:58.170669,0.033355712890625,-0.9058380126953125,-0.3928680419921875
2026-09-13 19:50:59.234819,0.0332489013671875,-0.89947509765625,-0.3957672119140625
2026-09-13 19:51:00.249795,0.0051422119140625,-0.910888671875,-0.42498779296875
2026-09-13 19:51:01.307415,0.14373779296875,-0.9248046875,-0.4200897216796875
2026-09-13 19:51:02.354844,0.0238037109375,-0.9396514892578125,-0.4354248046875
2026-09-13 19:51:03.357284,0.062957763671875,-0.8668975830078125,-0.4859466552734375
2026-09-13 19:51:04.386768,0.068695068359375,-0.877105712890625,-0.4874420166015625
2026-09-13 19:51:05.404515,-0.014129638671875,-0.908966064453125,-0.3622589111328125
2026-09-13 19:51:06.470078,-0.002838134765625,-0.915069580078125,-0.4188385009765625
2026-09-13 19:51:07.490148,-0.095672607421875,-0.878173828125,-0.2808380126953125
2026-09-13 19:51:08.520432,-0.03240966796875,-0.9383087158203125,-0.3511505126953125
2026-09-13 19:51:09.588565,-0.03851318359375,-0.924652099609375,-0.3176422119140625
2026-09-13 19:51:10.612299,-0.02001953125,-0.9237213134765625,-0.37066650390625
2026-09-13 19:51:11.635326,-0.0006561279296875,-0.9187164306640625,-0.363037109375
2026-09-13 19:51:12.660461,-0.004974365234375,-0.9255523681640625,-0.3648223876953125
2026-09-13 19:51:13.700555,-0.01458740234375,-0.9349517822265625,-0.36126708984375
2026-09-13 19:51:14.720657,-0.0064697265625,-0.9337005615234375,-0.3383941650390625
2026-09-13 19:51:15.755754,0.032257080078125,-0.9196929931640625,-0.367034912109375
2026-09-13 19:51:16.824221,0.0234375,-0.9191436767578125,-0.37274169921875
2026-09-13 19:51:17.845864,0.022796630859375,-0.9278411865234375,-0.3553314208984375
2026-09-13 19:51:18.865886,0.0918121337890625,-0.9578704833984375,-0.4860076904296875
2026-09-13 19:51:19.882955,0.08544921875,-0.8721771240234375,-0.4765777587890625
2026-09-13 19:51:20.898631,0.087432861328125,-0.8816375732421875,-0.4724884033203125
2026-09-13 19:51:21.928535,0.082977294921875,-0.8760528564453125,-0.4830780029296875
2026-09-13 19:51:22.941025,0.4166717529296875,-0.8705291748046875,-0.473419189453125
2026-09-13 19:51:23.984847,0.31787109375,-0.108306884765625,-0.987823486328125
